date,symbol,signal,price,atr,ema200,rsi
2026-07-20,AMZN,MACD TURNED POSITIVE,250.34,232.83,236.41,54.36
2026-07-20,GOOG,POTENTIAL_BUY,358.35,324.41,318.4,50.39
2026-07-20,CRM,MACD TURNED POSITIVE,169.53,175.59,203.18,52.48
2026-07-20,ETHA,MACD TURNED POSITIVE,14.09,12.81,18.15,55.48
2026-07-20,NVDA,MACD TURNED POSITIVE,206.94,213.92,191.1,51.72
2026-07-20,CRWD,MACD TURNED GREEN,206.62,175.31,136.42,64.69
2026-07-20,PANW,MACD TURNED GREEN,362.6,312.39,224.65,68.44
2026-07-20,PLTR,MACD TURNED POSITIVE,133.52,137.49,143.09,54.33
2026-07-20,XOM,MACD TURNED POSITIVE,147.23,137.94,138.67,59.08
2026-07-20,COST,MACD TURNED GREEN,940.32,974.76,969.1,47.05
2026-07-21,AMZN,MACD TURNED POSITIVE,247.77,232.83,236.5,51.50
2026-07-21,GOOG,POTENTIAL_BUY,349.02,324.41,318.65,45.67
2026-07-21,CRM,MACD TURNED POSITIVE,171.68,175.59,202.92,54.70
2026-07-21,IREN,MACD TURNED GREEN,41.75,46.85,44.26,45.74
2026-07-21,ONDS,MACD TURNED GREEN,7.62,8.35,8.52,46.65
2026-07-21,ETHA,MACD TURNED POSITIVE,14.57,12.97,18.12,59.64
2026-07-21,NVDA,MACD TURNED POSITIVE,205.32,213.92,191.21,50.28
2026-07-21,MSFT,MACD TURNED POSITIVE,401.25,413.84,424.27,55.74
2026-07-21,PLTR,MACD TURNED POSITIVE,134.44,137.49,143.02,55.41
2026-07-21,XOM,MACD TURNED POSITIVE,150.49,141.12,138.79,64.30
2026-07-21,COST,MACD TURNED GREEN,928.83,974.76,968.58,43.37
2026-07-21,GOOG,ATR RECLAIM,346.19,324.41,318.62,44.41
2026-07-21,ONDS,VOLUME SURGE,7.66,8.35,8.52,47.07
2026-07-21,EOSE,RSI RECLAIMED 30,4.24,5.61,8.01,33.52
2026-07-21,ORCL,RSI RECLAIMED 30,127.05,146.33,181.11,31.48
2026-07-21,UUUU,RSI RECLAIMED 30,12.35,14.02,16.38,37.39
2026-07-21,NFLX,RSI RECLAIMED 30,68.67,76.48,91.08,32.07
2026-07-21,COIN,VOLUME SURGE,175.85,177.13,208.74,58.82
2026-07-22,IREN,MACD TURNED GREEN,41.28,46.85,44.22,45.02
2026-07-22,ONDS,MACD TURNED GREEN,8,5.76,8.52,50.40
2026-07-22,ONDS,VOLUME SURGE,8,5.76,8.52,50.40
2026-07-22,ETHA,MACD TURNED POSITIVE,14.52,13,18.09,59.20
2026-07-22,PLTR,MACD TURNED POSITIVE,124.57,137.49,142.87,43.47
2026-07-22,ORCL,MACD TURNED GREEN,125.84,146.33,180.52,30.86
2026-07-22,JPM,MACD TURNED GREEN,348.21,325.56,308.31,65.88
2026-07-22,CELH,VOLUME SURGE,28.47,32.58,38,41.50
2026-07-22,AVAV,MACD TURNED GREEN,150.35,173.09,209.73,46.56
2026-07-22,UUUU,MACD TURNED GREEN,12.31,14.02,16.34,37.15
2026-07-22,XOM,MACD TURNED POSITIVE,154.45,143.28,138.94,69.31
2026-07-22,COST,MACD TURNED GREEN,927.31,974.76,968.19,42.88
2026-07-23,IREN,MACD TURNED GREEN,40.58,46.85,44.2,44.00
2026-07-23,ONDS,MACD TURNED GREEN,7.93,5.99,8.52,49.71
2026-07-23,NBIS,MACD TURNED GREEN,220.97,245.76,151.64,51.27
2026-07-23,ORCL,MACD TURNED GREEN,120.04,140.52,179.88,28.02
2026-07-23,CRWV,MACD TURNED GREEN,81.1,95.24,96.03,41.95
2026-07-23,HIMS,VOLUME SURGE,32.74,30.16,31.55,48.91
2026-07-23,JPM,MACD TURNED GREEN,349.9,328.16,308.71,67.11
2026-07-23,AVAV,MACD TURNED GREEN,158.73,173.09,209.45,51.43
2026-07-23,LMT,MACD TURNED GREEN,568.59,513.44,535.53,67.71
2026-07-23,LMT,MACD TURNED POSITIVE,568.59,513.44,535.53,67.71
2026-07-23,LMT,VOLUME SURGE,568.59,513.44,535.53,67.71
2026-07-23,UUUU,MACD TURNED GREEN,12.01,14.02,16.29,35.34
2026-07-23,XOM,MACD TURNED POSITIVE,156.89,146.95,139.07,71.97
2026-07-24,IREN,MACD TURNED GREEN,39.31,46.85,44.14,42.15
2026-07-24,ONDS,MACD TURNED GREEN,7.94,6.03,8.52,49.82
2026-07-24,NBIS,MACD TURNED GREEN,199.63,245.76,152.05,45.14
2026-07-24,ORCL,MACD TURNED GREEN,118.79,139.34,179.24,27.43
2026-07-24,CRWV,MACD TURNED GREEN,75.15,94.63,95.82,37.17
2026-07-24,JPM,MACD TURNED GREEN,352.52,331.33,309.13,68.97
2026-07-24,AVAV,MACD TURNED GREEN,153.21,173.09,208.8,48.31
2026-07-24,LMT,MACD TURNED GREEN,581.06,525.48,535.97,70.51
2026-07-24,LMT,MACD TURNED POSITIVE,581.06,525.48,535.97,70.51
2026-07-24,UUUU,MACD TURNED GREEN,11.63,13.93,16.24,33.10
2026-07-24,ISRG,RSI RECLAIMED 30,341.47,390.59,461.59,33.58
2026-07-27,CRM,MACD TURNED GREEN,173.6,175.59,201.01,56.09
2026-07-27,CRM,VOLUME SURGE,173.6,175.59,201.01,56.09
2026-07-27,IREN,MACD TURNED GREEN,36.29,46.85,44.01,38.24
2026-07-27,ONDS,MACD TURNED GREEN,8.02,6.08,8.5,50.78
2026-07-27,ETHA,VOLUME SURGE,14.71,13.18,17.95,59.72
2026-07-27,GRAB,VOLUME SURGE,3.35,3.74,4.14,36.19
2026-07-27,ORCL,MACD TURNED GREEN,119.9,135.92,178.54,31.49
2026-07-27,ORCL,RSI RECLAIMED 30,119.9,135.92,178.54,31.49
2026-07-27,NOW,VOLUME SURGE,105.56,117.01,123.67,53.36
2026-07-27,JPM,MACD TURNED GREEN,356.2,335.07,309.46,71.39
2026-07-27,AVAV,MACD TURNED GREEN,154.24,173.09,208.08,49.16
2026-07-27,LMT,MACD TURNED GREEN,580,524.98,536.28,69.49
2026-07-27,LMT,MACD TURNED POSITIVE,580,524.98,536.28,69.49
2026-07-27,USAR,RSI RECLAIMED 30,14.93,17.88,19.38,34.57
2026-07-27,MP,RSI RECLAIMED 30,43.13,49.77,56.2,33.27
2026-07-27,UUUU,MACD TURNED GREEN,11.71,13.62,16.19,35.84
2026-07-27,ELF,MACD TURNED GREEN,84.01,87.7,77.69,68.52
2026-07-27,QS,RSI RECLAIMED 30,5.18,6.25,8.06,32.24
2026-07-27,NFLX,MACD TURNED GREEN,70.4,77.26,90.17,39.16
2026-07-28,CRM,MACD TURNED GREEN,181.5,152.59,200.8,61.53
2026-07-28,CRM,MACD TURNED POSITIVE,181.5,152.59,200.8,61.53
2026-07-28,OSCR,VOLUME SURGE,31.4,26.72,20.56,59.18
2026-07-28,GRAB,VOLUME SURGE,3.45,3.74,4.13,42.79
2026-07-28,ZS,MACD TURNED GREEN,151.63,128.66,177.19,57.68
2026-07-28,ORCL,MACD TURNED GREEN,119.96,135.92,178.02,31.56
2026-07-28,NOW,MACD TURNED GREEN,110.62,117.01,123.59,57.94
2026-07-28,NOW,VOLUME SURGE,110.62,117.01,123.59,57.94
2026-07-28,MA,MACD TURNED GREEN,562.75,528.46,524.44,68.88
2026-07-28,JPM,MACD TURNED GREEN,357.31,336.75,309.98,72.11
2026-07-28,AVAV,MACD TURNED GREEN,156.35,173.09,207.67,50.37
2026-07-28,LMT,MACD TURNED GREEN,581.31,528.48,536.67,69.80
2026-07-28,LMT,MACD TURNED POSITIVE,581.31,528.48,536.67,69.80
2026-07-28,UUUU,MACD TURNED GREEN,11.33,13.62,16.14,33.68
2026-07-28,ELF,MACD TURNED GREEN,84.1,87.7,77.79,68.61
2026-07-28,NFLX,MACD TURNED GREEN,72.39,77.26,90.01,46.30
2026-07-28,COIN,MACD TURNED POSITIVE,167.9,177.13,205.86,53.11
2026-07-28,BRK-B,MACD TURNED GREEN,512.37,490.98,488.35,68.51
2026-07-28,BRK-B,VOLUME SURGE,512.37,490.98,488.35,68.51
2026-07-28,SHOP,MACD TURNED GREEN,130.28,110.74,124.44,62.04
2026-07-29,SNOW,VOLUME SURGE,282.9,239.34,209.53,68.12
2026-07-29,CRM,MACD TURNED GREEN,188.38,163.88,200.81,65.54
2026-07-29,CRM,MACD TURNED POSITIVE,188.38,163.88,200.81,65.54
2026-07-29,CRM,VOLUME SURGE,188.38,163.88,200.81,65.54
2026-07-29,ZS,MACD TURNED GREEN,153.77,131.19,177.04,59.36
2026-07-29,V,MACD TURNED GREEN,368.73,345.1,332.47,67.36
2026-07-29,DDOG,VOLUME SURGE,264.2,228.96,179.31,59.23
2026-07-29,NOW,MACD TURNED GREEN,115.76,117.01,123.57,62.01
2026-07-29,NOW,MACD TURNED POSITIVE,115.76,117.01,123.57,62.01
2026-07-29,NOW,VOLUME SURGE,115.76,117.01,123.57,62.01
2026-07-29,FTNT,VOLUME SURGE,153.22,145.57,111.69,49.93
2026-07-29,MA,MACD TURNED GREEN,563.32,519.54,524.91,69.08
2026-07-29,LMT,MACD TURNED GREEN,569.2,528.48,537.16,63.38
2026-07-29,LMT,MACD TURNED POSITIVE,569.2,528.48,537.16,63.38
2026-07-29,ELF,MACD TURNED GREEN,80.9,87.7,77.81,61.51
2026-07-29,NFLX,MACD TURNED GREEN,73.63,77.26,89.86,50.22
2026-07-29,BRK-B,MACD TURNED GREEN,509.16,490.98,488.62,64.37
2026-07-29,SHOP,MACD TURNED GREEN,129.17,110.74,124.53,60.52
2026-07-29,ABBV,MACD TURNED GREEN,263.3,245.23,223.08,67.50
2026-07-29,XYZ,MACD TURNED GREEN,82.18,74.29,70.21,60.46
2026-07-30,AMZN,VOLUME SURGE,235.5,246.39,236.23,44.44
2026-07-30,SNOW,MACD TURNED GREEN,298.1,254.3,210.32,74.25
2026-07-30,CRM,MACD TURNED GREEN,180.71,163.88,200.6,58.25
2026-07-30,CRM,MACD TURNED POSITIVE,180.71,163.88,200.6,58.25
2026-07-30,IREN,MACD TURNED GREEN,38.26,41.33,43.7,46.02
2026-07-30,IREN,VOLUME SURGE,38.26,41.33,43.7,46.02
2026-07-30,EOSE,MACD TURNED GREEN,3.61,4.36,7.74,35.42
2026-07-30,EOSE,RSI RECLAIMED 30,3.61,4.36,7.74,35.42
2026-07-30,PGY,VOLUME SURGE,17.64,14.96,17.22,55.50
2026-07-30,MSFT,ATR RECLAIM,451.1,380.79,422.15,72.39
2026-07-30,MSFT,MACD TURNED POSITIVE,451.1,380.79,422.15,72.39
2026-07-30,MSFT,VOLUME SURGE,451.1,380.79,422.15,72.39
2026-07-30,ZS,MACD TURNED GREEN,148.39,131.19,176.73,53.61
2026-07-30,NBIS,VOLUME SURGE,188.43,244,152.76,46.08
2026-07-30,V,MACD TURNED GREEN,366.27,345.1,332.8,64.22
2026-07-30,NVO,MACD TURNED GREEN,51.61,47.95,49.03,65.31
2026-07-30,AVGO,MACD TURNED GREEN,387.84,412.03,361.48,50.86
2026-07-30,VRT,VOLUME SURGE,227.5,306.29,254.65,28.66
2026-07-30,NOW,MACD TURNED GREEN,110.07,117.01,123.43,55.59
2026-07-30,NOW,MACD TURNED POSITIVE,110.07,117.01,123.43,55.59
2026-07-30,FTNT,VOLUME SURGE,154.25,145.57,112.1,51.21
2026-07-30,MA,MACD TURNED GREEN,577.35,539.71,525.45,73.48
2026-07-30,MA,VOLUME SURGE,577.35,539.71,525.45,73.48
2026-07-30,CRWV,RSI RECLAIMED 30,73.9,98.12,94.71,42.83
2026-07-30,CRWV,VOLUME SURGE,73.9,98.12,94.71,42.83
2026-07-30,CAT,RSI RECLAIMED 30,809.14,906.18,754.74,33.92
2026-07-30,RKLB,RSI RECLAIMED 30,64.68,77.08,77.84,36.86
2026-07-30,USAR,RSI RECLAIMED 30,14.65,16.82,19.21,38.26
2026-07-30,MP,RSI RECLAIMED 30,41.66,49.72,55.72,36.50
2026-07-30,UUUU,MACD TURNED GREEN,11.71,13.05,16.05,40.29
2026-07-30,ELF,MACD TURNED GREEN,82.26,87.7,77.86,63.25
2026-07-30,NFLX,MACD TURNED GREEN,73.17,77.26,89.7,48.80
2026-07-30,BRK-B,MACD TURNED GREEN,509.68,490.98,488.86,64.74
2026-07-30,SHOP,MACD TURNED GREEN,122.4,110.74,124.51,52.13
2026-07-30,XYZ,MACD TURNED GREEN,82.59,74.29,70.33,61.27
2026-07-31,AMZN,ATR RECLAIM,271.58,231.14,236.65,67.79
2026-07-31,AMZN,MACD TURNED GREEN,271.58,231.14,236.65,67.79
2026-07-31,AMZN,VOLUME SURGE,271.58,231.14,236.65,67.79
2026-07-31,GOOG,ATR RECLAIM,356.65,300.74,319.81,54.74
2026-07-31,GOOG,MACD TURNED GREEN,356.65,300.74,319.81,54.74
2026-07-31,GOOG,VOLUME SURGE,356.65,300.74,319.81,54.74
2026-07-31,SNOW,MACD TURNED GREEN,293.28,254.3,211.17,69.67
2026-07-31,CRM,MACD TURNED GREEN,184.02,163.88,200.46,60.30
2026-07-31,CRM,MACD TURNED POSITIVE,184.02,163.88,200.46,60.30
2026-07-31,IREN,MACD TURNED GREEN,36.8,41.33,43.64,44.28
2026-07-31,ZETA,MACD TURNED GREEN,21.6,18.23,18.95,54.36
2026-07-31,EOSE,MACD TURNED GREEN,3.38,4.36,7.69,33.12
2026-07-31,PGY,MACD TURNED GREEN,19.27,15.52,17.26,63.07
2026-07-31,PGY,VOLUME SURGE,19.27,15.52,17.26,63.07
2026-07-31,CDLR,MACD TURNED GREEN,22.71,23.35,23.13,49.73
2026-07-31,MSFT,ATR RECLAIM,464.72,397.59,422.65,75.07
2026-07-31,MSFT,MACD TURNED POSITIVE,464.72,397.59,422.65,75.07
2026-07-31,MSFT,VOLUME SURGE,464.72,397.59,422.65,75.07
2026-07-31,ZS,MACD TURNED GREEN,151.2,131.19,176.5,56.01
2026-07-31,V,MACD TURNED GREEN,366.13,345.1,333.19,64.04
2026-07-31,AVGO,MACD TURNED GREEN,389.28,412.03,361.89,51.44
2026-07-31,VRT,RSI RECLAIMED 30,241.57,306.29,254.54,34.66
2026-07-31,VRT,VOLUME SURGE,241.57,306.29,254.54,34.66
2026-07-31,NOW,MACD TURNED GREEN,111.23,117.01,123.37,56.58
2026-07-31,NOW,MACD TURNED POSITIVE,111.23,117.01,123.37,56.58
2026-07-31,MA,MACD TURNED GREEN,573.1,539.71,526.05,70.22
2026-07-31,MELI,MACD TURNED GREEN,1877.95,1722.38,1872.53,64.33
2026-07-31,CELH,MACD TURNED GREEN,29.21,31.13,37.28,48.84
2026-07-31,RKLB,MACD TURNED GREEN,64.95,77.08,77.73,37.19
2026-07-31,USAR,MACD TURNED GREEN,14.95,16.82,19.17,39.83
2026-07-31,UUUU,MACD TURNED GREEN,11.44,13.05,16,38.67
2026-07-31,ELF,MACD TURNED GREEN,82.89,87.7,77.96,64.06
2026-07-31,TSLA,RSI RECLAIMED 30,311.21,363.49,394.27,30.26
2026-07-31,NFLX,MACD TURNED GREEN,71.71,77.26,89.56,44.49
2026-07-31,BRK-B,MACD TURNED GREEN,511.54,490.98,489.16,66.10
2026-07-31,XYZ,MACD TURNED GREEN,81.24,74.29,70.47,57.15
2026-07-31,CRWV,MACD TURNED GREEN,71.77,80.79,94.42,41.59
2026-07-31,BOTZ,MACD TURNED GREEN,35.22,36.05,36.33,47.15
2026-07-31,ITA,ATR RECLAIM,239.66,222.99,222.07,53.49
2026-07-31,ITA,MACD TURNED GREEN,239.66,222.99,222.07,53.49
2026-07-31,ITA,MACD TURNED POSITIVE,239.66,222.99,222.07,53.49
2026-08-04,AMZN,ATR RECLAIM,277.42,245.55,236.87,67.04
2026-08-04,AMZN,MACD TURNED GREEN,277.42,245.55,236.87,67.04
2026-08-04,AMZN,MACD TURNED POSITIVE,277.42,245.55,236.87,67.04
2026-08-04,GOOG,ATR RECLAIM,375.35,327.01,319.29,62.46
2026-08-04,GOOG,MACD TURNED GREEN,375.35,327.01,319.29,62.46
2026-08-04,SNOW,MACD TURNED GREEN,316.77,269.98,212.14,77.11
2026-08-04,AMD,VOLUME SURGE,518.58,573.93,345.48,52.32
2026-08-04,SOFI,MACD TURNED GREEN,18.7,15.77,18.88,59.13
2026-08-04,IREN,MACD TURNED GREEN,40.85,41.4,42.89,49.99
2026-08-04,DCTH,ATR RECLAIM,13.14,11.47,11.3,59.95
2026-08-04,DCTH,MACD TURNED GREEN,13.14,11.47,11.3,59.95
2026-08-04,DCTH,MACD TURNED POSITIVE,13.14,11.47,11.3,59.95
2026-08-04,ZETA,MACD TURNED GREEN,24.26,20.12,18.94,66.35
2026-08-04,ZETA,VOLUME SURGE,24.26,20.12,18.94,66.35
2026-08-04,EOSE,MACD TURNED GREEN,4.35,4.37,7.52,48.91
2026-08-04,EOSE,VOLUME SURGE,4.35,4.37,7.52,48.91
2026-08-04,GRAB,MACD TURNED GREEN,3.72,3.76,4.08,57.22
2026-08-04,GRAB,VOLUME SURGE,3.72,3.76,4.08,57.22
2026-08-04,PGY,MACD TURNED GREEN,21.92,17.53,16.93,70.50
2026-08-04,CDLR,MACD TURNED GREEN,22.7,23.46,23.06,49.89
2026-08-04,NVDA,MACD TURNED GREEN,211.94,212.79,190.92,56.93
2026-08-04,MSFT,ATR RECLAIM,492.81,437.07,421.51,79.02
2026-08-04,MSFT,MACD TURNED POSITIVE,492.81,437.07,421.51,79.02
2026-08-04,CRWD,MACD TURNED GREEN,211.22,182.21,141.57,66.49
2026-08-04,PLTR,ATR RECLAIM,162.66,115.02,140.37,72.80
2026-08-04,PLTR,MACD TURNED GREEN,162.66,115.02,140.37,72.80
2026-08-04,PLTR,MACD TURNED POSITIVE,162.66,115.02,140.37,72.80
2026-08-04,PLTR,VOLUME SURGE,162.66,115.02,140.37,72.80
2026-08-04,NBIS,ATR RECLAIM,225.74,134.31,153.09,55.27
2026-08-04,NBIS,MACD TURNED GREEN,225.74,134.31,153.09,55.27
2026-08-04,V,MACD TURNED GREEN,369.59,344.23,334.12,65.73
2026-08-04,AVGO,ATR RECLAIM,418.16,347.1,359.75,61.76
2026-08-04,AVGO,MACD TURNED GREEN,418.16,347.1,359.75,61.76
2026-08-04,AVGO,MACD TURNED POSITIVE,418.16,347.1,359.75,61.76
2026-08-04,TSM,MACD TURNED GREEN,417.17,426.89,361.27,51.06
2026-08-04,MRVL,MACD TURNED GREEN,218.59,218.77,156.72,52.19
2026-08-04,ANET,MACD TURNED GREEN,190.51,158.61,147.8,62.41
2026-08-04,ANET,VOLUME SURGE,190.51,158.61,147.8,62.41
2026-08-04,DELL,MACD TURNED GREEN,467.27,367.5,255.21,60.87
2026-08-04,DDOG,MACD TURNED GREEN,288.15,247.39,182.06,70.49
2026-08-04,NOW,MACD TURNED POSITIVE,118.14,90.88,122.9,62.16
2026-08-04,FTNT,MACD TURNED GREEN,168.29,146.14,114.06,65.86
2026-08-04,CRWV,MACD TURNED GREEN,91.9,66.47,96.7,56.95
2026-08-04,MELI,MACD TURNED GREEN,1888.5,1979.73,1872.95,64.59
2026-08-04,CAT,VOLUME SURGE,876.54,910.82,754.4,48.36
2026-08-04,CELH,MACD TURNED GREEN,29.54,31.34,36.62,50.95
2026-08-04,RKLB,MACD TURNED GREEN,74.48,77.46,76.98,48.06
2026-08-04,USAR,MACD TURNED GREEN,17.27,12.13,18.94,50.78
2026-08-04,MP,MACD TURNED GREEN,47.47,35.8,54.5,49.79
2026-08-04,MP,VOLUME SURGE,47.47,35.8,54.5,49.79
2026-08-04,UUUU,MACD TURNED GREEN,12.86,13.06,15.71,50.35
2026-08-04,ELF,ATR RECLAIM,87.84,69.23,76.35,69.68
2026-08-04,ELF,MACD TURNED GREEN,87.84,69.23,76.35,69.68
2026-08-04,ELF,VOLUME SURGE,87.84,69.23,76.35,69.68
2026-08-04,QS,MACD TURNED GREEN,5.69,6.43,7.74,44.61
2026-08-04,INTC,MACD TURNED GREEN,100.86,106.27,75.44,49.36
2026-08-04,COST,MACD TURNED POSITIVE,947.85,974.76,967.2,49.67
2026-08-04,UBER,MACD TURNED GREEN,71.99,75.92,76.24,51.61
2026-08-04,SHOP,VOLUME SURGE,123.3,140.91,123.39,53.29
2026-08-04,APP,MACD TURNED GREEN,419.7,470.5,477.52,43.78
2026-08-04,NET,MACD TURNED GREEN,301.33,254.71,217.16,71.21
2026-08-04,NET,VOLUME SURGE,301.33,254.71,217.16,71.21
2026-08-04,S,MACD TURNED GREEN,20.98,18.2,16.43,69.97
2026-08-04,ISRG,MACD TURNED GREEN,368.27,397.12,456.51,47.00
2026-08-04,XYZ,MACD TURNED GREEN,84.64,76.64,70.22,64.08
2026-08-04,BE,MACD TURNED GREEN,228.11,268.52,186.59,50.35
2026-08-04,BOTZ,ATR RECLAIM,37.09,33.82,36.32,58.48
2026-08-04,BOTZ,MACD TURNED GREEN,37.09,33.82,36.32,58.48
2026-08-04,CIBR,MACD TURNED GREEN,97.94,90.2,77.34,70.46
2026-08-04,QTUM,ATR RECLAIM,152.94,131.93,128.8,56.52
2026-08-04,QTUM,MACD TURNED GREEN,152.94,131.93,128.8,56.52
2026-08-04,URA,VOLUME SURGE,42.49,36.11,45.91,53.29
2026-08-04,GRID,ATR RECLAIM,186.76,169.2,171.45,56.78
2026-08-04,GRID,MACD TURNED GREEN,186.76,169.2,171.45,56.78
2026-08-04,COPX,ATR RECLAIM,83.99,73.46,74.75,60.98
2026-08-04,COPX,MACD TURNED POSITIVE,83.99,73.46,74.75,60.98
2026-08-04,TAN,MACD TURNED GREEN,53.37,56.74,53.71,48.73
2026-08-04,XBI,MACD TURNED POSITIVE,151.88,160.3,129.35,52.20
2026-08-05,AMZN,ATR RECLAIM,272.65,245.55,237.22,63.49
2026-08-05,AMZN,MACD TURNED GREEN,272.65,245.55,237.22,63.49
2026-08-05,AMZN,MACD TURNED POSITIVE,272.65,245.55,237.22,63.49
2026-08-05,GOOG,ATR RECLAIM,360.13,327.01,319.66,54.26
2026-08-05,GOOG,MACD TURNED GREEN,360.13,327.01,319.66,54.26
2026-08-05,GOOG,MACD TURNED POSITIVE,360.13,327.01,319.66,54.26
2026-08-05,SNOW,MACD TURNED GREEN,316.84,272.3,213.17,77.13
2026-08-05,SOFI,MACD TURNED GREEN,18.25,15.77,18.87,55.91
2026-08-05,SOFI,MACD TURNED POSITIVE,18.25,15.77,18.87,55.91
2026-08-05,IREN,MACD TURNED GREEN,38.89,41.4,42.83,47.30
2026-08-05,DCTH,ATR RECLAIM,12.63,11.47,11.31,52.48
2026-08-05,DCTH,MACD TURNED GREEN,12.63,11.47,11.31,52.48
2026-08-05,DCTH,MACD TURNED POSITIVE,12.63,11.47,11.31,52.48
2026-08-05,ZETA,MACD TURNED GREEN,27.07,22.07,19.01,74.25
2026-08-05,ZETA,VOLUME SURGE,27.07,22.07,19.01,74.25
2026-08-05,ONDS,MACD TURNED POSITIVE,8.87,6.71,8.35,58.50
2026-08-05,EOSE,MACD TURNED GREEN,3.82,4.37,7.47,42.79
2026-08-05,ETHA,MACD TURNED GREEN,14.48,13.18,17.26,55.93
2026-08-05,GRAB,MACD TURNED GREEN,3.74,3.76,4.07,58.02
2026-08-05,PGY,MACD TURNED GREEN,21.8,17.61,16.98,69.69
2026-08-05,CDLR,MACD TURNED GREEN,22.73,23.46,23.06,50.16
2026-08-05,NVDA,ATR RECLAIM,219.22,192.28,191.18,61.60
2026-08-05,NVDA,MACD TURNED GREEN,219.22,192.28,191.18,61.60
2026-08-05,NVDA,MACD TURNED POSITIVE,219.22,192.28,191.18,61.60
2026-08-05,MSFT,ATR RECLAIM,487.46,437.07,422.14,76.08
2026-08-05,MSFT,MACD TURNED POSITIVE,487.46,437.07,422.14,76.08
2026-08-05,CRWD,MACD TURNED GREEN,209.86,180.51,142.25,65.18
2026-08-05,PANW,MACD TURNED GREEN,362.66,318.59,236.35,64.57
2026-08-05,PLTR,ATR RECLAIM,158.43,130.65,140.55,68.74
2026-08-05,PLTR,MACD TURNED GREEN,158.43,130.65,140.55,68.74
2026-08-05,PLTR,MACD TURNED POSITIVE,158.43,130.65,140.55,68.74
2026-08-05,NBIS,ATR RECLAIM,218.99,141.93,153.71,53.41
2026-08-05,NBIS,MACD TURNED GREEN,218.99,141.93,153.71,53.41
2026-08-05,NVO,VOLUME SURGE,44.53,51.45,49.12,36.00
2026-08-05,AVGO,ATR RECLAIM,418.28,367.02,360.27,61.80
2026-08-05,AVGO,MACD TURNED GREEN,418.28,367.02,360.27,61.80
2026-08-05,AVGO,MACD TURNED POSITIVE,418.28,367.02,360.27,61.80
2026-08-05,TSM,MACD TURNED GREEN,414,426.89,361.75,49.86
2026-08-05,MRVL,ATR RECLAIM,211.02,154,157.23,49.78
2026-08-05,MRVL,MACD TURNED GREEN,211.02,154,157.23,49.78
2026-08-05,ANET,MACD TURNED GREEN,197.31,154.98,148.26,65.71
2026-08-05,ANET,VOLUME SURGE,197.31,154.98,148.26,65.71
2026-08-05,DELL,MACD TURNED GREEN,462.7,367.5,257.25,59.79
2026-08-05,DDOG,MACD TURNED GREEN,283.17,243.4,183.04,66.26
2026-08-05,FTNT,MACD TURNED GREEN,164.13,146.14,114.56,59.70
2026-08-05,CRWV,MACD TURNED GREEN,89.89,66.47,96.63,55.30
2026-08-05,MELI,MACD TURNED GREEN,1922.57,1979.73,1873.91,68.74
2026-08-05,MELI,VOLUME SURGE,1922.57,1979.73,1873.91,68.74
2026-08-05,JPM,MACD TURNED GREEN,359.24,337.7,311.75,65.83
2026-08-05,WFC,MACD TURNED GREEN,89.17,83.46,82.9,60.78
2026-08-05,CELH,MACD TURNED GREEN,29.15,31.34,36.54,48.98
2026-08-05,RKLB,MACD TURNED GREEN,74.82,77.46,76.94,48.40
2026-08-05,AVAV,MACD TURNED POSITIVE,168.06,174.01,201.44,57.08
2026-08-05,USAR,MACD TURNED GREEN,17.16,13.15,18.92,50.29
2026-08-05,MP,MACD TURNED GREEN,47.91,38.85,54.42,50.64
2026-08-05,UUUU,MACD TURNED GREEN,12.44,13.06,15.67,47.35
2026-08-05,ELF,ATR RECLAIM,86.37,73.07,76.41,66.18
2026-08-05,ELF,MACD TURNED GREEN,86.37,73.07,76.41,66.18
2026-08-05,QS,MACD TURNED GREEN,5.52,6.43,7.71,42.24
2026-08-05,INTC,MACD TURNED GREEN,101.06,106.27,75.68,49.52
2026-08-05,LLY,VOLUME SURGE,1169.86,1245.92,1024.86,51.28
2026-08-05,SHOP,ATR RECLAIM,144.24,116.02,123.57,67.81
2026-08-05,SHOP,MACD TURNED GREEN,144.24,116.02,123.57,67.81
2026-08-05,SHOP,VOLUME SURGE,144.24,116.02,123.57,67.81
2026-08-05,APP,MACD TURNED GREEN,417.8,470.5,476.81,43.31
2026-08-05,NET,MACD TURNED GREEN,292.96,244.84,217.92,64.62
2026-08-05,S,MACD TURNED GREEN,21,18.23,16.47,70.07
2026-08-05,ISRG,MACD TURNED GREEN,375.2,397.12,455.74,49.77
2026-08-05,BE,ATR RECLAIM,234.33,137.73,187.02,51.85
2026-08-05,BE,MACD TURNED GREEN,234.33,137.73,187.02,51.85
2026-08-05,BOTZ,ATR RECLAIM,37.3,34.76,36.33,59.55
2026-08-05,BOTZ,MACD TURNED GREEN,37.3,34.76,36.33,59.55
2026-08-05,CIBR,MACD TURNED GREEN,97.57,90.2,77.54,69.08
2026-08-05,QTUM,ATR RECLAIM,149.99,133.66,129,53.13
2026-08-05,QTUM,MACD TURNED GREEN,149.99,133.66,129,53.13
2026-08-05,URA,VOLUME SURGE,42.89,37.74,45.87,54.55
2026-08-05,GRID,ATR RECLAIM,186.65,172.86,171.59,56.62
2026-08-05,GRID,MACD TURNED GREEN,186.65,172.86,171.59,56.62
2026-08-05,COPX,ATR RECLAIM,86.72,77,74.86,64.87
2026-08-05,COPX,MACD TURNED POSITIVE,86.72,77,74.86,64.87
2026-08-05,TAN,MACD TURNED GREEN,51.27,56.74,53.68,43.53
2026-08-05,XBI,MACD TURNED POSITIVE,153.01,160.3,129.57,53.93
2026-08-05,GDX,ATR RECLAIM,83.68,71.95,81.2,63.06
2026-08-05,GDX,MACD TURNED POSITIVE,83.68,71.95,81.2,63.06
2026-08-05,GDX,VOLUME SURGE,83.68,71.95,81.2,63.06
2026-08-06,DCTH,VOLUME SURGE,15.47,13.08,11.35,72.81
2026-08-06,MU,MACD TURNED GREEN,881.47,993.67,603.12,47.93
2026-08-06,VRT,MACD TURNED GREEN,275.17,307.07,253.87,46.81
2026-08-06,QCOM,MACD TURNED GREEN,160.39,173.74,171.54,41.91
2026-08-06,CAT,MACD TURNED GREEN,856.96,910.82,756.39,45.21
2026-08-06,ELF,VOLUME SURGE,92.31,77.49,76.53,72.25
2026-08-06,INTC,ATR RECLAIM,99.81,71.43,75.92,48.48
2026-08-06,UBER,VOLUME SURGE,70.47,75.68,76.13,48.14
2026-08-06,SHOP,VOLUME SURGE,147.44,116.46,123.79,69.37
2026-08-06,AMAT,MACD TURNED GREEN,527.48,564.1,405,48.22
2026-08-07,ASML,MACD TURNED GREEN,1740.99,1808.36,1435.02,51.90
2026-08-07,OSCR,VOLUME SURGE,27.9,33.72,21.21,44.14
2026-08-07,GRAB,MACD TURNED POSITIVE,3.66,3.76,4.06,53.63
2026-08-07,CDLR,ATR RECLAIM,23.64,21.7,23.06,57.89
2026-08-07,PLTR,VOLUME SURGE,172.01,143.01,141.01,72.83
2026-08-07,DDOG,VOLUME SURGE,233.93,301.78,183.94,41.22
2026-08-07,HIMS,MACD TURNED GREEN,31.59,36.77,31.16,51.02
2026-08-07,CELH,VOLUME SURGE,27.77,29.15,36.31,46.69
2026-08-07,RKLB,ATR RECLAIM,82.83,58.19,76.95,56.24
2026-08-07,USAR,VOLUME SURGE,19.33,14.99,18.89,58.96
2026-08-07,MP,VOLUME SURGE,51.11,41.33,54.3,56.70
2026-08-07,UUUU,VOLUME SURGE,14.14,10.77,15.61,58.67
2026-08-07,ELF,VOLUME SURGE,98.49,82.71,76.71,76.89
2026-08-07,PENG,MACD TURNED GREEN,58.43,70.59,39.74,49.98
2026-08-07,TSLA,MACD TURNED GREEN,328.58,361.3,386.58,41.41
2026-08-07,UBER,MACD TURNED GREEN,75.02,75.68,76.12,58.07
2026-08-07,UBER,VOLUME SURGE,75.02,75.68,76.12,58.07
2026-08-07,APP,RSI RECLAIMED 30,346.8,436.28,473.96,32.20
2026-08-07,NET,VOLUME SURGE,300.27,247.33,219.41,65.10
2026-08-07,BOTZ,MACD TURNED POSITIVE,37.61,35.2,36.34,60.45
2026-08-07,GRID,VOLUME SURGE,186.43,173.44,171.86,56.09
2026-08-07,COPX,VOLUME SURGE,88.03,79.46,75.08,66.02
2026-08-07,GDX,VOLUME SURGE,89.89,79.22,81.3,70.39
2026-08-10,DCTH,VOLUME SURGE,16.67,13.84,11.45,75.19
2026-08-10,CDLR,MACD TURNED POSITIVE,23.81,22.06,23.07,59.20
2026-08-10,ZS,VOLUME SURGE,176.68,153.43,174.59,72.16
2026-08-10,DDOG,VOLUME SURGE,260.78,301.78,184.67,52.18
2026-08-10,MP,VOLUME SURGE,54.66,44.49,54.3,62.21
2026-08-10,COST,MACD TURNED POSITIVE,952.75,974.76,966.68,52.01
2026-08-10,UBER,ATR RECLAIM,78.03,66.89,76.15,63.10
2026-08-10,UBER,MACD TURNED POSITIVE,78.03,66.89,76.15,63.10
2026-08-10,NET,VOLUME SURGE,310.59,256.29,220.32,68.54
2026-08-10,CIBR,VOLUME SURGE,100.6,92.45,78.16,71.87
2026-08-10,URA,MACD TURNED POSITIVE,44.38,39.75,45.8,58.42
2026-08-10,GRID,MACD TURNED POSITIVE,185.17,173.44,171.98,54.08
2026-08-11,DCTH,VOLUME SURGE,17.22,14.4,11.51,76.98
2026-08-11,ZETA,VOLUME SURGE,29.15,24.01,19.33,74.04
2026-08-11,CRWV,MACD TURNED POSITIVE,90.32,68.58,96.32,54.87
2026-08-11,CRWV,VOLUME SURGE,90.32,68.58,96.32,54.87
2026-08-11,MELI,VOLUME SURGE,1940,2028.03,1874.81,64.13
2026-08-11,UUUU,MACD TURNED POSITIVE,14.78,12.09,15.57,62.23
2026-08-11,S,VOLUME SURGE,22.46,19.72,16.67,75.05
2026-08-11,GEV,MACD TURNED GREEN,1011.88,1094.03,874.15,49.41
2026-08-11,QTUM,MACD TURNED POSITIVE,153,138.98,129.85,55.71
2026-08-11,XBI,ATR RECLAIM,158.07,144.82,130.58,61.15
2026-08-12,ASML,ATR RECLAIM,1810.07,1584.7,1444.81,57.15
2026-08-12,ASML,MACD TURNED POSITIVE,1810.07,1584.7,1444.81,57.15
2026-08-12,IREN,ATR RECLAIM,43.67,30.24,42.6,54.62
2026-08-12,NBIS,VOLUME SURGE,259.2,178.03,156.01,61.96
2026-08-12,TSM,ATR RECLAIM,429.15,383.18,364.44,56.10
2026-08-12,ORCL,MACD TURNED POSITIVE,153.28,131.08,171.49,59.56
2026-08-12,CRWV,VOLUME SURGE,107.73,81.71,96.43,65.04
2026-08-12,MP,MACD TURNED POSITIVE,54.11,45.33,54.3,60.27
2026-08-12,LLY,ATR RECLAIM,1220.28,1064.98,1033.82,58.08
2026-08-12,COST,MACD TURNED POSITIVE,949.58,974.76,966.4,50.61
2026-08-12,ISRG,MACD TURNED POSITIVE,401.27,364.01,452.55,59.63
2026-08-13,IREN,VOLUME SURGE,44.76,31.7,42.59,56.08
2026-08-13,DLO,VOLUME SURGE,14.76,13.74,13.19,54.33
2026-08-13,NBIS,MACD TURNED POSITIVE,255.04,165.75,156.97,60.83
2026-08-13,TSM,MACD TURNED POSITIVE,430.49,388.74,365.05,56.67
2026-08-13,CELH,MACD TURNED GREEN,28.78,33.22,35.96,50.51
2026-08-13,USAR,MACD TURNED POSITIVE,18.61,14.81,18.85,55.08
2026-08-13,NFLX,MACD TURNED POSITIVE,78.24,68.17,88.04,62.04
2026-08-14,AMD,MACD TURNED GREEN,514.39,573.93,355.7,53.73
2026-08-14,META,MACD TURNED GREEN,589.85,635.39,625.19,47.62
2026-08-14,CDLR,MACD TURNED POSITIVE,23.04,22.06,23.06,51.69
2026-08-14,APP,RSI RECLAIMED 30,315.44,392.87,465.88,30.42
2026-08-18,OSCR,ATR RECLAIM,31.28,25.81,21.81,55.76
2026-08-19,ETHA,VOLUME SURGE,15.88,14.5,16.93,71.27
2026-08-19,DLO,VOLUME SURGE,14.3,15.61,13.21,49.40
2026-08-19,MRVL,VOLUME SURGE,237.27,186.05,162.91,57.49
2026-08-19,CELH,MACD TURNED POSITIVE,32.26,33.22,35.73,61.21
2026-08-19,COIN,MACD TURNED GREEN,160.2,168.91,195.04,53.79
2026-08-19,COIN,VOLUME SURGE,160.2,168.91,195.04,53.79
2026-08-19,APP,RSI RECLAIMED 30,310.79,370.04,461,30.54
2026-08-19,ABBV,ATR RECLAIM,265.97,241.21,226.52,67.41
2026-08-19,XBI,VOLUME SURGE,169.55,156.49,132.23,73.26
2026-08-19,GDX,VOLUME SURGE,97.33,86.23,82.04,70.84
2026-08-20,ETHA,VOLUME SURGE,17.55,15.73,16.93,80.08
2026-08-20,HIMS,MACD TURNED GREEN,31.86,33.54,31.15,53.74
2026-08-20,COIN,VOLUME SURGE,172.35,138.1,194.77,60.74
2026-08-21,ETHA,VOLUME SURGE,18.24,15.98,16.94,82.48
2026-08-21,HIMS,ATR RECLAIM,33.78,24.64,31.19,58.13
2026-08-21,COIN,MACD TURNED POSITIVE,186.49,148.29,194.66,66.96
2026-08-21,COIN,VOLUME SURGE,186.49,148.29,194.66,66.96
2026-08-21,COPX,VOLUME SURGE,94.59,86.17,76.28,69.91
2026-08-24,ETHA,VOLUME SURGE,18.66,16.7,16.96,83.76
2026-08-24,NVO,MACD TURNED GREEN,46.92,49.47,48.79,49.37
2026-08-25,CDLR,VOLUME SURGE,26.04,23.32,23.13,71.01
2026-08-25,MELI,ATR RECLAIM,1997,1716.93,1877.93,64.97
2026-08-25,HIMS,MACD TURNED POSITIVE,31.75,24.64,31.22,52.42
2026-08-25,APP,MACD TURNED GREEN,310.54,350.83,454.54,33.71
2026-08-25,APP,RSI RECLAIMED 30,310.54,350.83,454.54,33.71
2026-08-25,BE,MACD TURNED GREEN,217.45,159.73,190.38,49.09
2026-08-26,META,MACD TURNED GREEN,576.14,606.34,620.4,48.64
2026-08-26,META,VOLUME SURGE,576.14,606.34,620.4,48.64
2026-08-26,AAPL,MACD TURNED GREEN,313.45,327.35,283.19,51.43
2026-08-26,OKTA,VOLUME SURGE,134.42,150.04,109.39,43.84
2026-08-27,AMD,MACD TURNED GREEN,476.67,533.7,365.59,47.43
2026-08-27,CRM,VOLUME SURGE,252.05,216.89,200.51,79.97
2026-08-27,GRAB,MACD TURNED GREEN,3.59,3.76,4,50.38
2026-08-27,NVDA,VOLUME SURGE,227.98,205.88,194.92,61.32
2026-08-27,CRWD,ATR RECLAIM,227.96,168.62,151.96,64.05
2026-08-27,CRWD,VOLUME SURGE,227.96,168.62,151.96,64.05
2026-08-27,TSM,MACD TURNED POSITIVE,427.3,392.62,369.72,55.19
2026-08-27,FTNT,MACD TURNED POSITIVE,172.78,152.11,121.2,64.73
2026-08-27,HIMS,MACD TURNED POSITIVE,31.66,24.65,31.24,52.12
2026-08-27,UNH,MACD TURNED GREEN,395.05,414.15,372.88,43.66
2026-08-27,S,VOLUME SURGE,22.71,20.2,17.23,61.58
2026-08-27,OKTA,ATR RECLAIM,172.91,125.82,110.04,70.39
2026-08-27,OKTA,MACD TURNED POSITIVE,172.91,125.82,110.04,70.39
2026-08-27,OKTA,VOLUME SURGE,172.91,125.82,110.04,70.39
2026-08-27,IGV,VOLUME SURGE,110.32,101.41,95.02,70.43
2026-08-28,CRM,VOLUME SURGE,256,213,201.03,80.79
2026-08-31,AAPL,MACD TURNED POSITIVE,316.85,327.35,284.1,54.08
2026-08-31,CRWD,VOLUME SURGE,231,191.1,153.39,63.00
2026-08-31,TSLA,MACD TURNED POSITIVE,367.95,327.45,378.72,58.69
2026-08-31,TSLA,VOLUME SURGE,367.95,327.45,378.72,58.69
2026-09-01,UNH,MACD TURNED GREEN,396.3,414.15,373.25,46.07
2026-09-02,EOSE,MACD TURNED GREEN,3.61,4.03,6.69,47.25
2026-09-02,EOSE,VOLUME SURGE,3.61,4.03,6.69,47.25
2026-09-02,DELL,VOLUME SURGE,492.2,397.96,293.38,58.86
2026-09-02,WFC,MACD TURNED POSITIVE,89.27,83.82,83.5,61.68
2026-09-03,SNOW,VOLUME SURGE,356.47,297.49,234.33,66.17
2026-09-03,DLO,ATR RECLAIM,15.78,14.03,13.39,62.81
2026-09-03,AAPL,ATR RECLAIM,328.21,302.37,285.22,63.38
2026-09-03,ZS,VOLUME SURGE,177.8,196.19,175.49,53.76
2026-09-03,NVO,MACD TURNED GREEN,47.51,48.94,48.62,53.20
2026-09-03,VRT,MACD TURNED GREEN,268.83,295.24,255.71,49.25
2026-09-03,DELL,VOLUME SURGE,516.39,415.83,295.6,62.54
2026-09-03,AVAV,VOLUME SURGE,147.21,177.28,193.54,40.54
2026-09-03,INTC,MACD TURNED GREEN,91.67,83.99,79.07,45.48
2026-09-03,UNH,ATR RECLAIM,400.94,370.41,373.63,49.80
2026-09-03,S,VOLUME SURGE,19.8,23.39,17.39,45.22
2026-09-03,ITA,RSI RECLAIMED 30,225.98,238.83,226.08,33.78
2026-09-03,LIT,VOLUME SURGE,74.46,73.06,71.3,49.41
2026-09-04,AMD,MACD TURNED GREEN,477.57,516.06,371.06,49.67
2026-09-04,META,MACD TURNED POSITIVE,616.77,557.63,618.6,62.40
2026-09-04,IREN,MACD TURNED GREEN,44.68,34.66,42.04,57.16
2026-09-04,TSM,MACD TURNED POSITIVE,428.91,396.95,372.34,56.77
2026-09-04,CAT,MACD TURNED GREEN,813.94,859.27,767.16,45.45
2026-09-04,BE,MACD TURNED POSITIVE,252.87,199.09,192.47,63.09
2026-09-04,SMH,MACD TURNED GREEN,567.01,535.97,489.14,51.16
2026-09-08,IREN,MACD TURNED POSITIVE,46.93,36.53,42.08,60.39
2026-09-08,EOSE,VOLUME SURGE,4.3,2.86,6.6,58.09
2026-09-08,NBIS,MACD TURNED POSITIVE,243.88,197.13,167.18,58.49
2026-09-08,CRWV,MACD TURNED POSITIVE,99.83,80,95.46,61.38
2026-09-08,CRWV,VOLUME SURGE,99.83,80,95.46,61.38
2026-09-08,QCOM,ATR RECLAIM,174.09,152.75,169.89,58.92
2026-09-08,QCOM,MACD TURNED POSITIVE,174.09,152.75,169.89,58.92
2026-09-08,QCOM,VOLUME SURGE,174.09,152.75,169.89,58.92
2026-09-08,PENG,MACD TURNED GREEN,51.3,58.16,42.33,46.03
2026-09-08,GEV,MACD TURNED GREEN,971.31,1022.31,890.27,50.36
2026-09-08,BE,VOLUME SURGE,277.22,202.09,193.29,69.30
2026-09-08,TAN,MACD TURNED GREEN,49.13,51.2,52.73,46.19
2026-09-09,AMD,ATR RECLAIM,521.1,441.48,373.81,60.43
2026-09-09,META,VOLUME SURGE,653.69,588.41,618.98,70.43
2026-09-09,VRT,ATR RECLAIM,262.89,214.9,256.29,46.31
2026-09-09,AMAT,MACD TURNED GREEN,468.85,497.67,421.27,44.38
2026-09-09,GRID,MACD TURNED GREEN,180.13,184.22,173.67,48.37
2026-09-10,AMD,MACD TURNED POSITIVE,503.6,441.48,375.09,55.09
2026-09-10,AVAV,VOLUME SURGE,147.07,165.53,191.62,43.51
2026-09-10,INTC,MACD TURNED POSITIVE,100.32,87.53,79.95,54.80
2026-09-10,UBER,VOLUME SURGE,72.56,80.63,76.33,43.39
2026-09-11,ETHA,VOLUME SURGE,19.16,17.08,17.15,69.76
2026-09-11,GRAB,RSI RECLAIMED 30,3.05,3.41,3.93,30.31
2026-09-11,AVGO,MACD TURNED GREEN,361.99,395,363.45,42.24
2026-09-11,GRID,MACD TURNED GREEN,180.78,184.22,173.78,50.20
2026-09-14,GOOG,MACD TURNED GREEN,345.71,327.01,323.2,54.73
2026-09-14,CRWD,VOLUME SURGE,235.38,194.88,158.46,62.26
2026-09-14,PANW,VOLUME SURGE,373.94,382.27,265.18,57.71
2026-09-14,ZS,ATR RECLAIM,191.73,137.84,175.3,61.46
2026-09-14,ZS,VOLUME SURGE,191.73,137.84,175.3,61.46
2026-09-14,DDOG,MACD TURNED GREEN,230.05,247.56,193.7,49.15
2026-09-14,FTNT,MACD TURNED POSITIVE,170.18,152.11,125.34,59.88
2026-09-14,AVAV,MACD TURNED GREEN,153.4,174.79,190.8,49.07
2026-09-14,S,ATR RECLAIM,22.61,16.91,17.54,61.12
2026-09-14,S,VOLUME SURGE,22.61,16.91,17.54,61.12
2026-09-14,ISRG,MACD TURNED GREEN,377.94,392.21,435.67,53.04
2026-09-15,PANW,MACD TURNED POSITIVE,375.09,382.27,266.27,58.02
2026-09-15,JPM,VOLUME SURGE,352.49,346.2,322.59,47.41
2026-09-15,RKLB,MACD TURNED GREEN,63.55,72.66,75.06,39.79
2026-09-16,EOSE,MACD TURNED POSITIVE,3.93,3.09,6.43,51.35
2026-09-16,MELI,VOLUME SURGE,1839.71,2043.35,1889.81,43.04
2026-09-16,BRK-B,ATR RECLAIM,519.8,497.34,495.54,67.28
2026-09-17,NBIS,VOLUME SURGE,217.99,197.13,170.71,49.86
2026-09-17,GEV,MACD TURNED GREEN,924.93,1003.26,892.44,46.19
2026-09-17,UFO,MACD TURNED GREEN,43.66,45.77,45.04,44.79
2026-09-17,REMX,RSI RECLAIMED 30,69.1,73.63,79.55,35.52
2026-09-18,GOOG,VOLUME SURGE,344.41,327.01,323.68,53.51
2026-09-18,ASML,VOLUME SURGE,1679.92,1752.55,1503.25,48.59
2026-09-18,OSCR,VOLUME SURGE,32.13,28.45,23.78,53.29
2026-09-18,CRWV,VOLUME SURGE,81.36,98.01,94.66,44.16
2026-09-18,HIMS,MACD TURNED GREEN,27.99,24.65,30.97,45.59
2026-09-18,JPM,VOLUME SURGE,349.67,346.2,323.33,44.43
2026-09-18,CAT,VOLUME SURGE,808.99,854.76,769.5,47.88
2026-09-18,XOM,VOLUME SURGE,163.54,157.86,146.08,53.59
2026-09-18,LLY,VOLUME SURGE,1152.93,1204.22,1062.91,47.24
2026-09-18,COST,VOLUME SURGE,895.31,935.27,958.72,35.95
2026-09-18,COIN,VOLUME SURGE,194.25,201.98,192.24,58.20
2026-09-18,BRK-B,VOLUME SURGE,509.77,497.34,495.83,52.25
2026-09-18,GEV,VOLUME SURGE,940.33,1003.26,892.95,48.71
2026-09-18,AMAT,VOLUME SURGE,444.57,475.25,421.78,43.79
2026-09-18,ISRG,MACD TURNED POSITIVE,393.33,344.04,433.26,61.16
2026-09-18,ISRG,VOLUME SURGE,393.33,344.04,433.26,61.16
2026-09-18,SMH,MACD TURNED GREEN,573,535.97,495.01,54.29
2026-09-18,QQQ,MACD TURNED POSITIVE,721.45,696.23,666.69,55.86
2026-09-21,GOOG,MACD TURNED POSITIVE,350.87,327.01,323.89,58.51
2026-09-21,ASML,MACD TURNED GREEN,1711.32,1752.55,1505.15,51.84
2026-09-21,AMD,VOLUME SURGE,615.52,534.97,385.85,72.96
2026-09-21,META,VOLUME SURGE,741.25,657.49,623.25,77.81
2026-09-21,ONDS,MACD TURNED GREEN,7.38,8.47,8.23,42.77
2026-09-21,GRAB,RSI RECLAIMED 30,2.91,3.18,3.87,32.30
2026-09-21,AVGO,MACD TURNED GREEN,362.66,378.11,362.27,48.62
2026-09-21,MELI,VOLUME SURGE,1820.47,1967.64,1888.28,42.66
2026-09-21,LMT,MACD TURNED GREEN,535.4,564.03,543.81,43.70
2026-09-21,INTC,VOLUME SURGE,121.78,101.22,81.64,70.92
2026-09-21,LLY,MACD TURNED GREEN,1164.89,1204.22,1063.74,50.92
2026-09-21,SHOP,VOLUME SURGE,137.92,144.94,128.34,51.26
2026-09-21,GEV,ATR RECLAIM,946.22,828.76,893.5,49.68
2026-09-21,AMAT,MACD TURNED GREEN,464.24,475.25,422.16,49.71
2026-09-21,BOTZ,MACD TURNED GREEN,35.82,36.27,36.15,52.51
2026-09-21,QTUM,ATR RECLAIM,153.04,140.27,134.31,59.19
2026-09-21,QTUM,MACD TURNED GREEN,153.04,140.27,134.31,59.19
2026-09-21,GRID,MACD TURNED GREEN,181.08,183.11,173.91,53.30
2026-09-21,TAN,MACD TURNED GREEN,46.71,49.8,52.14,43.77
2026-09-21,ITA,RSI RECLAIMED 30,216.14,225.42,225.25,31.88
2026-09-21,SMH,MACD TURNED POSITIVE,596.03,545.62,495.98,61.09
2026-09-21,TLT,MACD TURNED GREEN,81.8,82.73,85.16,48.47
2026-09-21,FINX,VOLUME SURGE,25.99,27.23,26.64,47.39
2026-09-21,AMZN,BULLISH FVG FORMED,258.45,266.74,242.7,52.69,BULLISH FVG FORMED+VWAP RECLAIM
2026-09-21,AMZN,VWAP RECLAIM,258.45,266.74,242.7,52.69,BULLISH FVG FORMED+VWAP RECLAIM
2026-09-21,ASML,BULLISH FVG FORMED,1711.32,1752.55,1505.15,51.84,BULLISH FVG FORMED+MACD TURNED GREEN+VWAP RECLAIM
2026-09-21,ASML,VWAP RECLAIM,1711.32,1752.55,1505.15,51.84,BULLISH FVG FORMED+MACD TURNED GREEN+VWAP RECLAIM
2026-09-21,AMD,BULLISH FVG FORMED,615.52,534.97,385.85,72.96,BULLISH FVG FORMED+VOLUME SURGE
2026-09-21,IREN,BULLISH FVG FORMED,47.23,38.32,42.2,60.12,BULLISH FVG FORMED
2026-09-21,OSCR,BULLISH FVG RETEST,31.29,28.45,23.85,48.77,BULLISH FVG RETEST
2026-09-21,ZETA,VWAP RECLAIM,31.15,28.05,21.87,59.58,VWAP RECLAIM
2026-09-21,ETHA,BULLISH FVG FORMED,20.85,18.43,17.28,73.43,BULLISH FVG FORMED
2026-09-21,NVDA,BULLISH FVG FORMED,227.38,208.58,198.64,58.24,BULLISH FVG FORMED
2026-09-21,MSFT,VWAP RECLAIM,501.61,478.67,442.4,57.14,VWAP RECLAIM
2026-09-21,CRWD,BULLISH FVG RETEST,249.35,207.61,162.55,64.64,BULLISH FVG RETEST
2026-09-21,PANW,BULLISH FVG RETEST,371.76,382.27,270.39,55.92,BULLISH FVG RETEST
2026-09-21,AVGO,BULLISH FVG FORMED,362.66,378.11,362.27,48.62,BULLISH FVG FORMED+MACD TURNED GREEN+VWAP RECLAIM
2026-09-21,AVGO,VWAP RECLAIM,362.66,378.11,362.27,48.62,BULLISH FVG FORMED+MACD TURNED GREEN+VWAP RECLAIM
2026-09-21,TSM,BULLISH FVG FORMED,445.14,406.13,377.52,61.55,BULLISH FVG FORMED
2026-09-21,MU,BULLISH FVG FORMED,1043.96,905.23,695.49,61.24,BULLISH FVG FORMED
2026-09-21,NOW,BULLISH FVG RETEST,137.68,122.18,125.4,54.98,BULLISH FVG RETEST
2026-09-21,HIMS,VWAP RECLAIM,29.35,24.83,30.95,51.43,VWAP RECLAIM
2026-09-21,RKLB,VWAP RECLAIM,69.89,72.66,74.74,53.96,VWAP RECLAIM
2026-09-21,PENG,BULLISH FVG FORMED,54.91,56.51,43.05,55.34,BULLISH FVG FORMED
2026-09-21,LLY,VWAP RECLAIM,1164.89,1204.22,1063.74,50.92,MACD TURNED GREEN+VWAP RECLAIM
2026-09-21,COIN,BULLISH FVG FORMED,201.05,201.98,192.35,60.44,BULLISH FVG FORMED
2026-09-21,SHOP,VWAP RECLAIM,137.92,144.94,128.34,51.26,VOLUME SURGE+VWAP RECLAIM
2026-09-21,APP,VWAP RECLAIM,330.17,349.68,430.75,50.19,VWAP RECLAIM
2026-09-21,OKTA,BULLISH FVG RETEST,191.33,161.95,120.05,65.71,BULLISH FVG RETEST
2026-09-21,AMAT,BULLISH FVG FORMED,464.24,475.25,422.16,49.71,BULLISH FVG FORMED+MACD TURNED GREEN+VWAP RECLAIM
2026-09-21,AMAT,VWAP RECLAIM,464.24,475.25,422.16,49.71,BULLISH FVG FORMED+MACD TURNED GREEN+VWAP RECLAIM
2026-09-21,ISRG,BULLISH FVG FORMED,401.65,366,432.85,64.88,BULLISH FVG FORMED
2026-09-21,BOTZ,VWAP RECLAIM,35.82,36.27,36.15,52.51,MACD TURNED GREEN+VWAP RECLAIM
2026-09-21,QTUM,BULLISH FVG FORMED,153.04,140.27,134.31,59.19,BULLISH FVG FORMED+MACD TURNED GREEN
2026-09-21,SMH,BULLISH FVG FORMED,596.03,545.62,495.98,61.09,BULLISH FVG FORMED
2026-09-21,IBIT,BULLISH FVG FORMED,49.01,44.12,43.25,72.05,BULLISH FVG FORMED
2026-09-21,IGV,BULLISH FVG RETEST,107.13,98.92,96.51,57.47,BULLISH FVG RETEST+VWAP RECLAIM
2026-09-21,IGV,VWAP RECLAIM,107.13,98.92,96.51,57.47,BULLISH FVG RETEST+VWAP RECLAIM
2026-09-21,SLV,BULLISH FVG RETEST,59.63,62.44,58.95,53.01,BULLISH FVG RETEST
2026-09-21,TLT,VWAP RECLAIM,81.8,82.73,85.16,48.47,MACD TURNED GREEN+VWAP RECLAIM
2026-09-21,UFO,VWAP RECLAIM,44.17,45.77,45.01,49.27,VWAP RECLAIM
2026-09-21,FINX,BULLISH FVG FORMED,25.99,27.23,26.64,47.39,BULLISH FVG FORMED+VOLUME SURGE
2026-09-21,SPY,VWAP RECLAIM,773.5,781.31,718.65,58.43,VWAP RECLAIM
2026-09-21,QQQ,BULLISH FVG FORMED,741.47,710.71,667.38,65.67,BULLISH FVG FORMED
2026-09-21,AAOI,MACD TURNED GREEN,108.67,85.39,105.55,49.70,BULLISH FVG FORMED+MACD TURNED GREEN+VWAP RECLAIM
2026-09-21,AAOI,BULLISH FVG FORMED,108.67,85.39,105.55,49.70,BULLISH FVG FORMED+MACD TURNED GREEN+VWAP RECLAIM
2026-09-21,AAOI,VWAP RECLAIM,108.67,85.39,105.55,49.70,BULLISH FVG FORMED+MACD TURNED GREEN+VWAP RECLAIM
2026-09-21,CRDO,MACD TURNED GREEN,187.27,196.15,181.17,48.12,BULLISH FVG FORMED+MACD TURNED GREEN+VWAP RECLAIM
2026-09-21,CRDO,BULLISH FVG FORMED,187.27,196.15,181.17,48.12,BULLISH FVG FORMED+MACD TURNED GREEN+VWAP RECLAIM
2026-09-21,CRDO,VWAP RECLAIM,187.27,196.15,181.17,48.12,BULLISH FVG FORMED+MACD TURNED GREEN+VWAP RECLAIM
2026-09-21,COHR,BULLISH FVG FORMED,321.52,257.23,275.03,57.11,BULLISH FVG FORMED
2026-09-21,ARM,VOLUME SURGE,322.9,265.22,228.27,69.49,BULLISH FVG FORMED+VOLUME SURGE
2026-09-21,ARM,BULLISH FVG FORMED,322.9,265.22,228.27,69.49,BULLISH FVG FORMED+VOLUME SURGE
2026-09-21,AEHR,BULLISH FVG FORMED,96.93,104.47,71.63,53.66,BULLISH FVG FORMED
2026-09-21,IONQ,VWAP RECLAIM,40.51,44.03,43.39,52.19,VWAP RECLAIM
2026-09-21,RGTI,VWAP RECLAIM,16.53,17.45,17.88,54.45,VWAP RECLAIM
2026-09-21,QBTS,VWAP RECLAIM,17.7,19.14,19.88,49.66,VWAP RECLAIM
2026-09-21,OKLO,MACD TURNED GREEN,40.18,43.28,56.15,49.47,MACD TURNED GREEN+VWAP RECLAIM
2026-09-21,OKLO,VWAP RECLAIM,40.18,43.28,56.15,49.47,MACD TURNED GREEN+VWAP RECLAIM
2026-09-21,ASTS,BULLISH FVG RETEST,61.89,70.71,71.94,49.16,BULLISH FVG RETEST+VWAP RECLAIM
2026-09-21,ASTS,VWAP RECLAIM,61.89,70.71,71.94,49.16,BULLISH FVG RETEST+VWAP RECLAIM
2026-09-21,LUNR,MACD TURNED GREEN,15.72,16.54,18.41,52.41,MACD TURNED GREEN+VWAP RECLAIM
2026-09-21,LUNR,VWAP RECLAIM,15.72,16.54,18.41,52.41,MACD TURNED GREEN+VWAP RECLAIM
2026-09-21,MARA,BULLISH FVG FORMED,13.28,10.5,11.93,63.02,BULLISH FVG FORMED
2026-09-21,CLSK,BULLISH FVG FORMED,14.76,11.81,12.77,61.51,BULLISH FVG FORMED
2026-09-21,KTOS,MACD TURNED GREEN,48.59,54.4,60.72,43.06,MACD TURNED GREEN
2026-09-21,NIO,MACD TURNED GREEN,3.67,4.02,4.94,31.13,MACD TURNED GREEN
2026-09-21,ALAB,BULLISH FVG FORMED,340.74,272.98,250.6,60.63,BULLISH FVG FORMED
2026-09-21,TER,BULLISH FVG FORMED,381.54,397.97,318.8,54.87,BULLISH FVG FORMED
2026-09-21,WDC,MACD TURNED GREEN,448.17,395.67,394.79,47.59,BULLISH FVG FORMED+MACD TURNED GREEN+VWAP RECLAIM
2026-09-21,WDC,BULLISH FVG FORMED,448.17,395.67,394.79,47.59,BULLISH FVG FORMED+MACD TURNED GREEN+VWAP RECLAIM
2026-09-21,WDC,VWAP RECLAIM,448.17,395.67,394.79,47.59,BULLISH FVG FORMED+MACD TURNED GREEN+VWAP RECLAIM
2026-09-21,STX,MACD TURNED GREEN,877.33,925.48,657.71,55.04,BULLISH FVG FORMED+MACD TURNED GREEN
2026-09-21,STX,BULLISH FVG FORMED,877.33,925.48,657.71,55.04,BULLISH FVG FORMED+MACD TURNED GREEN
2026-09-21,ETN,BULLISH FVG FORMED,435.43,379.53,391,58.32,BULLISH FVG FORMED
2026-09-21,RDDT,VWAP RECLAIM,158.73,170.31,165.98,51.39,VWAP RECLAIM
2026-09-21,DUOL,VWAP RECLAIM,149.42,135.4,158.99,53.51,VWAP RECLAIM
2026-09-21,RDW,VWAP RECLAIM,11.6,12.4,11.35,54.68,VWAP RECLAIM
2026-09-21,AFRM,BULLISH FVG RETEST,71.05,79.52,68.78,45.37,BULLISH FVG RETEST
2026-09-21,HOOD,BULLISH FVG FORMED,123.3,102.04,95.48,62.31,BULLISH FVG FORMED
2026-09-21,TLN,MACD TURNED GREEN,299.97,323.67,342.35,44.10,MACD TURNED GREEN
2026-09-21,SNOW,BULLISH FVG RETEST,339.39,297.49,244.37,56.96,BULLISH FVG RETEST
2026-09-21,CRM,BULLISH FVG RETEST,236.42,227.58,207.54,52.21,BULLISH FVG RETEST
2026-09-21,V,BULLISH FVG RETEST,369.95,363.79,344.98,49.29,BULLISH FVG RETEST
2026-09-21,XOM,BULLISH FVG RETEST,158.3,157.86,146.2,44.56,BULLISH FVG RETEST
2026-09-21,BE,BULLISH FVG RETEST,272.89,221.16,199.52,59.58,BULLISH FVG RETEST
2026-09-21,VST,BULLISH FVG RETEST,140.78,151.87,155.01,45.20,BULLISH FVG RETEST
2026-09-21,RDDT,BULLISH FVG RETEST,158.73,170.31,165.98,51.39,BULLISH FVG RETEST+VWAP RECLAIM
2026-09-22,SNOW,BULLISH FVG RETEST,336.59,297.49,245.26,55.42,BULLISH FVG RETEST
2026-09-22,AMD,BULLISH FVG FORMED,623.77,545.81,388.2,73.88,BULLISH FVG FORMED
2026-09-22,META,BULLISH FVG FORMED,736.6,657.49,624.37,76.04,BULLISH FVG FORMED
2026-09-22,SOFI,VOLUME SURGE,17.16,20.1,18.46,45.93,VOLUME SURGE
2026-09-22,DCTH,VWAP RECLAIM,16.4,15.08,12.77,56.82,VWAP RECLAIM
2026-09-22,ONDS,VWAP RECLAIM,7.72,8.47,8.22,49.70,VWAP RECLAIM
2026-09-22,GRAB,VOLUME SURGE,3.17,3.18,3.87,47.33,VOLUME SURGE+VWAP RECLAIM
2026-09-22,GRAB,VWAP RECLAIM,3.17,3.18,3.87,47.33,VOLUME SURGE+VWAP RECLAIM
2026-09-22,PANW,BULLISH FVG RETEST,374.57,382.27,271.42,56.88,BULLISH FVG RETEST
2026-09-22,VRT,MACD TURNED GREEN,253.46,286.77,255.15,47.17,MACD TURNED GREEN
2026-09-22,DDOG,BULLISH FVG FORMED,247.48,247.56,196.06,58.10,BULLISH FVG FORMED
2026-09-22,CRWV,VWAP RECLAIM,86.76,98.01,94.49,50.16,VWAP RECLAIM
2026-09-22,RKLB,BULLISH FVG FORMED,71.98,72.66,74.71,57.20,BULLISH FVG FORMED
2026-09-22,ELF,VWAP RECLAIM,102.12,106.89,82.98,57.31,VWAP RECLAIM
2026-09-22,COIN,BULLISH FVG RETEST,201.07,201.98,192.45,60.45,BULLISH FVG RETEST
2026-09-22,SHOP,MACD TURNED GREEN,147.74,124.11,128.51,59.49,BULLISH FVG FORMED+MACD TURNED GREEN+VOLUME SURGE
2026-09-22,SHOP,VOLUME SURGE,147.74,124.11,128.51,59.49,BULLISH FVG FORMED+MACD TURNED GREEN+VOLUME SURGE
2026-09-22,SHOP,BULLISH FVG FORMED,147.74,124.11,128.51,59.49,BULLISH FVG FORMED+MACD TURNED GREEN+VOLUME SURGE
2026-09-22,NET,BULLISH FVG FORMED,353,290.38,242.63,65.72,BULLISH FVG FORMED
2026-09-22,PYPL,VOLUME SURGE,52.89,57.05,53.66,41.67,VOLUME SURGE
2026-09-22,ARM,BULLISH FVG FORMED,333.2,276.49,229.3,71.36,BULLISH FVG FORMED
2026-09-22,LUNR,BULLISH FVG FORMED,16.24,16.54,18.39,55.26,BULLISH FVG FORMED
2026-09-22,MARA,BULLISH FVG RETEST,13.63,10.17,11.95,64.82,BULLISH FVG RETEST
2026-09-22,BBAI,MACD TURNED GREEN,2.89,3.22,3.88,46.44,MACD TURNED GREEN
2026-09-22,SERV,MACD TURNED GREEN,4.55,5.04,7.47,45.18,MACD TURNED GREEN
2026-09-22,ALAB,BULLISH FVG FORMED,363.46,292.23,251.73,64.49,BULLISH FVG FORMED
2026-09-22,VST,BULLISH FVG RETEST,140.41,151.87,154.86,44.70,BULLISH FVG RETEST
2026-09-22,RDDT,BULLISH FVG RETEST,155.67,170.31,165.83,49.05,BULLISH FVG RETEST
2026-09-22,AFRM,MACD TURNED GREEN,71.77,79.52,68.79,47.15,MACD TURNED GREEN
2026-09-22,XBI,VWAP RECLAIM,161.87,165.86,137.84,54.78,VWAP RECLAIM
2026-09-22,UFO,BULLISH DIVERGENCE (Strong Trend),44.24,45.77,45,49.76,BULLISH DIVERGENCE (Strong Trend)
2026-09-22,SPY,BULLISH FVG FORMED,773.38,781.31,719.15,58.31,BULLISH FVG FORMED
2026-09-22,QQQ,BULLISH FVG FORMED,747.46,711.11,668.13,67.96,BULLISH FVG FORMED
2026-09-23,SNOW,BULLISH FVG RETEST,334.81,297.49,246.14,54.40,BULLISH FVG RETEST
2026-09-23,ETHA,BULLISH FVG RETEST,20.21,17.57,17.35,66.09,BULLISH FVG RETEST
2026-09-23,GRAB,MACD TURNED GREEN,3.2,2.7,3.86,48.75,MACD TURNED GREEN+VOLUME SURGE
2026-09-23,GRAB,VOLUME SURGE,3.2,2.7,3.86,48.75,MACD TURNED GREEN+VOLUME SURGE
2026-09-23,MSFT,VWAP RECLAIM,500.59,478.67,443.59,56.19,VWAP RECLAIM
2026-09-23,NOW,VWAP RECLAIM,140.78,122.57,125.67,57.83,VWAP RECLAIM
2026-09-23,RKLB,BULLISH FVG RETEST,70.31,72.66,74.67,53.94,BULLISH FVG RETEST
2026-09-23,COIN,BULLISH FVG RETEST,198.13,159.09,192.53,58.86,BULLISH FVG RETEST
2026-09-23,SHOP,BULLISH FVG RETEST,142.34,124.11,128.62,54.08,BULLISH FVG RETEST
2026-09-23,IONQ,VOLUME SURGE,42.54,44.03,43.35,57.19,VOLUME SURGE
2026-09-23,LUNR,BULLISH FVG RETEST,15.24,16.54,18.35,49.17,BULLISH FVG RETEST
2026-09-23,KRKNF,BULLISH DIVERGENCE (Strong Trend),3.29,3.96,4.53,33.04,BULLISH DIVERGENCE (Strong Trend)
2026-09-23,ALAB,BULLISH FVG FORMED,360.46,292.23,252.82,63.60,BULLISH FVG FORMED
2026-09-23,RDDT,BULLISH FVG RETEST,151.98,170.31,165.64,46.32,BULLISH FVG RETEST
2026-09-23,TLN,VWAP RECLAIM,300.34,323.67,341.46,45.13,VWAP RECLAIM
2026-09-23,IBIT,BULLISH FVG RETEST,47.88,42.67,43.36,66.16,BULLISH FVG RETEST
2026-09-23,SPY,BULLISH FVG RETEST,767.81,781.31,719.59,53.04,BULLISH FVG RETEST
2026-09-23,QQQ,BULLISH FVG RETEST,741.21,711.51,668.81,63.22,BULLISH FVG RETEST
2026-09-24,SNOW,BULLISH FVG RETEST,334,297.49,247.01,53.92,BULLISH FVG RETEST
2026-09-24,AMD,BULLISH FVG RETEST,629.26,552.16,392.79,72.82,BULLISH FVG RETEST
2026-09-24,ONDS,VOLUME SURGE,7.6,8.47,8.2,48.08,VOLUME SURGE+VWAP RECLAIM
2026-09-24,ONDS,VWAP RECLAIM,7.6,8.47,8.2,48.08,VOLUME SURGE+VWAP RECLAIM
2026-09-24,ETHA,BULLISH FVG RETEST,20.33,18.11,17.38,66.77,BULLISH FVG RETEST
2026-09-24,CRWV,MACD TURNED GREEN,90.13,98.01,94.38,53.93,MACD TURNED GREEN
2026-09-24,HIMS,VWAP RECLAIM,29.28,25.59,30.88,50.78,VWAP RECLAIM
2026-09-24,RKLB,BULLISH FVG RETEST,73.61,57,74.66,58.93,BULLISH FVG RETEST
2026-09-24,LLY,VWAP RECLAIM,1181.89,1084.54,1066.29,55.30,VWAP RECLAIM
2026-09-24,COIN,BULLISH FVG RETEST,199.21,163.59,192.62,59.29,BULLISH FVG RETEST
2026-09-24,SHOP,BULLISH FVG RETEST,145.16,124.11,128.76,56.31,BULLISH FVG RETEST
2026-09-24,BE,BULLISH FVG RETEST,266.65,223.47,201.6,56.15,BULLISH FVG RETEST
2026-09-24,ARM,BULLISH FVG RETEST,306.34,277.8,231.06,60.22,BULLISH FVG RETEST
2026-09-24,IONQ,VOLUME SURGE,44.98,32.77,43.37,62.32,BULLISH FVG FORMED+VOLUME SURGE
2026-09-24,IONQ,BULLISH FVG FORMED,44.98,32.77,43.37,62.32,BULLISH FVG FORMED+VOLUME SURGE
2026-09-24,QBTS,VWAP RECLAIM,17.48,19.14,19.81,48.88,VWAP RECLAIM
2026-09-24,ASTS,VWAP RECLAIM,61.06,70.71,71.61,48.11,VWAP RECLAIM
2026-09-24,LUNR,BULLISH FVG RETEST,15.7,16.54,18.31,51.80,BULLISH FVG RETEST
2026-09-24,MARA,BULLISH FVG RETEST,12.92,10.71,11.98,58.32,BULLISH FVG RETEST
2026-09-24,KRKNF,MACD TURNED GREEN,3.21,3.79,4.5,30.81,MACD TURNED GREEN
2026-09-24,MBLY,VOLUME SURGE,7.69,8.9,9.58,36.85,VOLUME SURGE
2026-09-24,ALAB,BULLISH FVG RETEST,360.51,292.55,253.89,63.61,BULLISH FVG RETEST
2026-09-24,RDDT,BULLISH FVG RETEST,152.72,170.31,165.46,46.96,BULLISH FVG RETEST
2026-09-24,IBIT,BULLISH FVG RETEST,47.81,43.38,43.41,65.80,BULLISH FVG RETEST
2026-09-24,AXP,RSI RECLAIMED 30,305.66,324.91,327.88,32.44,RSI RECLAIMED 30
2026-09-24,SPY,BULLISH FVG RETEST,767.18,743.13,720.03,52.47,BULLISH FVG RETEST
2026-09-24,QQQ,BULLISH FVG RETEST,741.1,711.96,669.49,63.13,BULLISH FVG RETEST
2026-09-25,GOOG,VWAP RECLAIM,341.08,327.01,324.3,49.94,VWAP RECLAIM
2026-09-25,SNOW,BULLISH FVG RETEST,335.94,297.49,247.9,54.95,BULLISH FVG RETEST+VWAP RECLAIM
2026-09-25,SNOW,VWAP RECLAIM,335.94,297.49,247.9,54.95,BULLISH FVG RETEST+VWAP RECLAIM
2026-09-25,AMD,BULLISH FVG FORMED,630.63,552.09,395.14,73.00,BULLISH FVG FORMED
2026-09-25,ETHA,BULLISH FVG RETEST,20.31,18.21,17.41,66.53,BULLISH FVG RETEST
2026-09-25,MSFT,VWAP RECLAIM,516.17,480.28,444.9,63.22,VWAP RECLAIM
2026-09-25,NVO,RSI RECLAIMED 30,38.8,42.28,47.68,31.00,RSI RECLAIMED 30
2026-09-25,VRT,VWAP RECLAIM,253.28,281.54,254.9,47.93,VWAP RECLAIM
2026-09-25,COST,MACD TURNED GREEN,922.77,935.14,955.97,52.30,MACD TURNED GREEN+VOLUME SURGE+VWAP RECLAIM
2026-09-25,COST,VOLUME SURGE,922.77,935.14,955.97,52.30,MACD TURNED GREEN+VOLUME SURGE+VWAP RECLAIM
2026-09-25,COST,VWAP RECLAIM,922.77,935.14,955.97,52.30,MACD TURNED GREEN+VOLUME SURGE+VWAP RECLAIM
2026-09-25,COIN,BULLISH FVG RETEST,195.11,163.59,192.68,56.89,BULLISH FVG RETEST
2026-09-25,SHOP,BULLISH FVG RETEST,142.25,124.11,128.88,53.43,BULLISH FVG RETEST
2026-09-25,NET,BULLISH FVG RETEST,349.02,304.68,245.9,62.19,BULLISH FVG RETEST
2026-09-25,PYPL,MACD TURNED GREEN,55.04,57.05,53.65,51.98,MACD TURNED GREEN+VWAP RECLAIM
2026-09-25,PYPL,VWAP RECLAIM,55.04,57.05,53.65,51.98,MACD TURNED GREEN+VWAP RECLAIM
2026-09-25,COHR,VWAP RECLAIM,295.83,257.23,275.79,49.55,VWAP RECLAIM
2026-09-25,FN,VWAP RECLAIM,417.39,442.84,488.91,49.11,VWAP RECLAIM
2026-09-25,ARM,BULLISH FVG RETEST,310.32,277.8,231.84,61.19,BULLISH FVG RETEST
2026-09-25,MARA,BULLISH FVG RETEST,12.55,10.71,11.98,55.12,BULLISH FVG RETEST
2026-09-25,RDDT,BULLISH FVG RETEST,149.84,170.31,165.25,44.73,BULLISH FVG RETEST
2026-09-25,AFRM,MACD TURNED GREEN,71.52,78.77,68.81,47.93,MACD TURNED GREEN
2026-09-25,BOTZ,VWAP RECLAIM,35.4,36.27,36.11,48.47,VWAP RECLAIM
2026-09-25,ITA,MACD TURNED GREEN,213.81,224.57,224.82,31.12,MACD TURNED GREEN+RSI RECLAIMED 30
2026-09-25,ITA,RSI RECLAIMED 30,213.81,224.57,224.82,31.12,MACD TURNED GREEN+RSI RECLAIMED 30
2026-09-25,IBIT,BULLISH FVG RETEST,47.57,43.38,43.46,64.49,BULLISH FVG RETEST
2026-09-25,UFO,VWAP RECLAIM,43.55,45.77,44.95,45.66,VWAP RECLAIM
2026-09-25,BAC,RSI RECLAIMED 30,56.7,59.77,55.77,30.96,RSI RECLAIMED 30
2026-09-25,SPY,BULLISH FVG RETEST,771.35,751.45,720.51,55.89,BULLISH FVG RETEST
2026-09-25,QQQ,BULLISH FVG RETEST,744.5,716.39,670.2,64.69,BULLISH FVG RETEST
2026-09-28,SNOW,BULLISH FVG RETEST,328.12,297.49,248.71,50.08,BULLISH FVG RETEST
2026-09-28,AMD,BULLISH FVG RETEST,607.87,552.09,397.24,65.62,BULLISH FVG RETEST
2026-09-28,META,BULLISH FVG RETEST,715.62,623.52,629.16,60.93,BULLISH FVG RETEST
2026-09-28,ETHA,BULLISH FVG RETEST,20.15,18.21,17.44,64.54,BULLISH FVG RETEST
2026-09-28,MSFT,BULLISH FVG FORMED,509.22,480.28,445.57,58.56,BULLISH FVG FORMED
2026-09-28,ZS,BULLISH FVG RETEST,199.39,182.34,178.31,56.92,BULLISH FVG RETEST
2026-09-28,ELF,VWAP RECLAIM,101.8,106.89,83.8,56.25,VWAP RECLAIM
2026-09-28,UNH,MACD TURNED GREEN,377.83,399.05,373.6,41.44,MACD TURNED GREEN
2026-09-28,COST,BULLISH FVG FORMED,922.92,935.14,955.64,52.36,BULLISH FVG FORMED
2026-09-28,COIN,BULLISH FVG RETEST,191.79,163.59,192.71,54.96,BULLISH FVG RETEST
2026-09-28,SHOP,BULLISH FVG RETEST,144.01,124.11,129.02,54.93,BULLISH FVG RETEST
2026-09-28,NET,BULLISH FVG RETEST,353.99,304.68,246.97,63.64,BULLISH FVG RETEST
2026-09-28,S,BULLISH FVG RETEST,22.74,20.72,18.07,54.56,BULLISH FVG RETEST
2026-09-28,PYPL,BULLISH FVG FORMED,54.28,57.05,53.65,48.89,BULLISH FVG FORMED
2026-09-28,BE,BULLISH FVG RETEST,262.87,231.75,203.02,52.72,BULLISH FVG RETEST
2026-09-28,LITE,BULLISH FVG RETEST,921.32,789.18,716.77,51.99,BULLISH FVG RETEST
2026-09-28,ARM,BULLISH FVG RETEST,283.33,217.75,232.35,51.95,BULLISH FVG RETEST
2026-09-28,OKLO,BULLISH FVG RETEST,37.11,43.28,55.26,42.86,BULLISH FVG RETEST
2026-09-28,LUNR,BULLISH FVG RETEST,15.2,16.54,18.24,48.67,BULLISH FVG RETEST
2026-09-28,MARA,BULLISH FVG RETEST,12.11,10.71,11.99,51.51,BULLISH FVG RETEST
2026-09-28,NIO,RSI RECLAIMED 30,3.59,3.91,4.88,30.51,RSI RECLAIMED 30
2026-09-28,ALAB,BULLISH FVG RETEST,351.31,296.95,255.95,59.92,BULLISH FVG RETEST
2026-09-28,IBIT,BULLISH FVG RETEST,47.21,43.38,43.51,62.49,BULLISH FVG RETEST
2026-09-28,SPY,BULLISH FVG RETEST,765.61,751.45,720.93,50.50,BULLISH FVG RETEST
2026-09-28,QQQ,BULLISH FVG RETEST,736.53,716.39,670.82,58.47,BULLISH FVG RETEST
2026-09-29,AMD,BULLISH FVG RETEST,607.57,552.09,399.32,65.52,BULLISH FVG RETEST
2026-09-29,META,BULLISH FVG RETEST,738.79,650.49,630.27,64.51,BULLISH FVG RETEST
2026-09-29,ETHA,BULLISH FVG RETEST,20.28,18.27,17.47,65.45,BULLISH FVG RETEST
2026-09-29,RKLB,BULLISH FVG RETEST,69.7,62.46,74.58,50.91,BULLISH FVG RETEST
2026-09-29,QS,RSI RECLAIMED 30,4.59,5.45,6.93,30.49,RSI RECLAIMED 30
2026-09-29,COST,BULLISH FVG RETEST,924.59,935.14,955.32,53.14,BULLISH FVG RETEST
2026-09-29,COIN,BULLISH FVG RETEST,190.02,163.59,192.74,53.91,BULLISH FVG RETEST
2026-09-29,SHOP,BULLISH FVG RETEST,148.26,126.92,129.19,58.42,BULLISH FVG RETEST
2026-09-29,ARM,BULLISH FVG RETEST,293.67,233.06,232.96,54.77,BULLISH FVG RETEST
2026-09-29,OKLO,BULLISH FVG RETEST,37.11,43.28,55.09,42.86,BULLISH FVG RETEST
2026-09-29,MARA,BULLISH FVG RETEST,11.99,10.71,11.99,50.53,BULLISH FVG RETEST
2026-09-29,SERV,VWAP RECLAIM,4.63,5.04,7.31,49.92,VWAP RECLAIM
2026-09-29,ALAB,BULLISH FVG RETEST,357.84,296.95,256.97,61.34,BULLISH FVG RETEST
2026-09-29,QTUM,VOLUME SURGE,151.87,145.01,135.33,54.85,VOLUME SURGE
2026-09-29,IBIT,BULLISH FVG RETEST,47.33,43.38,43.55,62.90,BULLISH FVG RETEST
2026-09-29,REMX,RSI RECLAIMED 30,64.79,70.16,78.58,30.29,RSI RECLAIMED 30
2026-09-29,SPY,BULLISH FVG RETEST,764.2,751.45,721.33,49.24,BULLISH FVG RETEST
2026-09-29,QQQ,BULLISH FVG RETEST,737.93,716.39,671.46,59.21,BULLISH FVG RETEST
2026-09-30,GOOG,VWAP RECLAIM,340.74,327.01,324.58,50.00,VWAP RECLAIM
2026-09-30,SNOW,VWAP RECLAIM,339.56,297.49,250.46,56.53,VWAP RECLAIM
2026-09-30,AMD,BULLISH FVG RETEST,611.76,552.09,401.43,66.25,BULLISH FVG RETEST
2026-09-30,META,BULLISH FVG RETEST,725.18,650.49,631.23,60.98,BULLISH FVG RETEST
2026-09-30,ZETA,VOLUME SURGE,31.57,28.05,22.37,60.79,VOLUME SURGE+VWAP RECLAIM
2026-09-30,ZETA,VWAP RECLAIM,31.57,28.05,22.37,60.79,VOLUME SURGE+VWAP RECLAIM
2026-09-30,ETHA,BULLISH FVG RETEST,20.12,18.27,17.5,63.31,BULLISH FVG RETEST
2026-09-30,AAPL,VWAP RECLAIM,333.02,318.23,292.27,54.37,VWAP RECLAIM
2026-09-30,CRWV,VWAP RECLAIM,87.12,98.01,94.06,50.48,VWAP RECLAIM
2026-09-30,RKLB,BULLISH FVG RETEST,69.68,62.46,74.52,50.87,BULLISH FVG RETEST
2026-09-30,XOM,VWAP RECLAIM,162.75,157.86,147.19,52.64,VWAP RECLAIM
2026-09-30,COST,BULLISH FVG RETEST,910.34,935.14,954.87,46.19,BULLISH FVG RETEST
2026-09-30,COIN,BULLISH FVG RETEST,186.41,163.59,192.73,51.73,BULLISH FVG RETEST
2026-09-30,ARM,BULLISH FVG RETEST,289.66,233.06,233.52,53.46,BULLISH FVG RETEST
2026-09-30,OKLO,BULLISH FVG RETEST,37.02,43.28,54.91,42.64,BULLISH FVG RETEST
2026-09-30,KRKNF,RSI RECLAIMED 30,3.07,3.5,4.44,32.48,RSI RECLAIMED 30
2026-09-30,SERV,VOLUME SURGE,4.65,5.04,7.28,50.52,VOLUME SURGE
2026-09-30,XPEV,BULLISH DIVERGENCE (Strong Trend),9.56,10.45,14.86,28.74,BULLISH DIVERGENCE (Strong Trend)
2026-09-30,ALAB,BULLISH FVG RETEST,355.97,296.95,257.95,60.68,BULLISH FVG RETEST
2026-09-30,DUOL,BULLISH FVG FORMED,142.4,163.72,158.33,48.24,BULLISH FVG FORMED
2026-09-30,IBIT,BULLISH FVG RETEST,47.34,43.38,43.6,62.94,BULLISH FVG RETEST
2026-09-30,SPY,BULLISH FVG RETEST,762.63,751.45,721.71,47.82,BULLISH FVG RETEST
2026-09-30,QQQ,BULLISH FVG RETEST,739.77,716.39,672.11,60.22,BULLISH FVG RETEST
2026-10-01,AMD,BULLISH FVG RETEST,615.73,552.09,403.56,66.96,BULLISH FVG RETEST
2026-10-01,META,BULLISH FVG RETEST,725.93,650.49,632.2,61.11,BULLISH FVG RETEST
2026-10-01,ZETA,BULLISH FVG FORMED,32.4,28.05,22.47,64.08,BULLISH FVG FORMED
2026-10-01,ETHA,BULLISH FVG RETEST,20.37,18.49,17.53,65.22,BULLISH FVG RETEST
2026-10-01,AAPL,BULLISH FVG RETEST,330.32,318.23,292.61,51.43,BULLISH FVG RETEST
2026-10-01,NOW,VWAP RECLAIM,137.76,122.57,126.2,54.30,VWAP RECLAIM
2026-10-01,RKLB,BULLISH FVG RETEST,70.46,62.46,74.48,52.36,BULLISH FVG RETEST
2026-10-01,COST,BULLISH FVG RETEST,914.94,935.14,954.48,48.53,BULLISH FVG RETEST
2026-10-01,COIN,BULLISH FVG RETEST,189.29,163.59,192.76,53.35,BULLISH FVG RETEST
2026-10-01,NET,BULLISH FVG RETEST,351,302.4,250.04,61.41,BULLISH FVG RETEST
2026-10-01,AAOI,VWAP RECLAIM,107.32,84.26,105.21,51.32,VWAP RECLAIM
2026-10-01,COHR,VWAP RECLAIM,319.19,257.23,276.37,56.55,VWAP RECLAIM
2026-10-01,ARM,BULLISH FVG RETEST,292.34,236.98,234.12,54.25,BULLISH FVG RETEST
2026-10-01,MOD,VWAP RECLAIM,189.21,170.12,203.1,49.14,VWAP RECLAIM
2026-10-01,SOUN,MACD TURNED GREEN,6.05,6.58,7.9,42.77,MACD TURNED GREEN
2026-10-01,SYM,VWAP RECLAIM,43.17,39.2,46.42,52.41,VWAP RECLAIM
2026-10-01,DUOL,VWAP RECLAIM,146.57,163.72,158.28,51.80,VWAP RECLAIM
2026-10-01,AFRM,MACD TURNED GREEN,70.43,77.92,68.81,47.43,MACD TURNED GREEN
2026-10-01,BOTZ,VWAP RECLAIM,35.43,36.27,36.07,49.47,VWAP RECLAIM
2026-10-01,GRID,VWAP RECLAIM,178.8,183.11,174.29,49.62,VWAP RECLAIM
2026-10-01,IBIT,BULLISH FVG RETEST,47.96,44.07,43.66,65.24,BULLISH FVG RETEST
2026-10-01,SPY,BULLISH FVG RETEST,763.99,751.45,722.11,49.19,BULLISH FVG RETEST
2026-10-01,QQQ,BULLISH FVG RETEST,742.03,716.39,672.8,61.47,BULLISH FVG RETEST
2026-10-02,GOOG,VWAP RECLAIM,340.35,327.01,324.75,50.02,VWAP RECLAIM
2026-10-02,META,BULLISH FVG RETEST,728.08,650.88,633.17,61.49,BULLISH FVG RETEST
2026-10-02,ETHA,BULLISH FVG RETEST,20.11,18.49,17.56,61.63,BULLISH FVG RETEST
2026-10-02,CDLR,RSI RECLAIMED 30,22.18,24.35,23.5,37.05,RSI RECLAIMED 30
2026-10-02,AAPL,VWAP RECLAIM,333.69,318.23,292.98,54.72,VWAP RECLAIM
2026-10-02,AVGO,VWAP RECLAIM,355.14,325.62,361.2,47.64,VWAP RECLAIM
2026-10-02,VRT,VWAP RECLAIM,252.18,275.53,254.45,49.02,VWAP RECLAIM
2026-10-02,DELL,VWAP RECLAIM,562.52,485.3,341.4,58.21,VWAP RECLAIM
2026-10-02,QCOM,VWAP RECLAIM,184.87,174.99,172.43,52.39,VWAP RECLAIM
2026-10-02,PENG,VOLUME SURGE,61.36,51.45,44.14,63.75,VOLUME SURGE
2026-10-02,TSLA,VWAP RECLAIM,370.59,343.79,374.46,54.99,VWAP RECLAIM
2026-10-02,COST,BULLISH FVG RETEST,920.65,935.14,954.15,51.36,BULLISH FVG RETEST
2026-10-02,COIN,BULLISH FVG RETEST,183,235.27,192.73,49.45,BULLISH FVG RETEST
2026-10-02,NET,BULLISH FVG RETEST,349.07,302.4,251.04,60.31,BULLISH FVG RETEST
2026-10-02,ABBV,VWAP RECLAIM,262.82,251.36,235.6,53.74,VWAP RECLAIM
2026-10-02,AAOI,BULLISH FVG FORMED,115.59,91.42,105.31,57.52,BULLISH FVG FORMED
2026-10-02,CRDO,BULLISH FVG FORMED,218.64,177.14,182.67,59.89,BULLISH FVG FORMED
2026-10-02,LITE,BULLISH FVG FORMED,1085.42,887.33,728.21,66.68,BULLISH FVG FORMED
2026-10-02,COHR,BULLISH FVG FORMED,337.04,252.34,276.93,60.70,BULLISH FVG FORMED
2026-10-02,CIEN,BULLISH FVG FORMED,391.34,391.95,364.5,59.00,BULLISH FVG FORMED
2026-10-02,FN,BULLISH FVG FORMED,463.69,402.17,485.98,61.69,BULLISH FVG FORMED
2026-10-02,ARM,BULLISH FVG RETEST,307.49,249.86,234.86,58.52,BULLISH FVG RETEST
2026-10-02,LUNR,MACD TURNED GREEN,14.71,16.54,18.08,46.97,MACD TURNED GREEN
2026-10-02,KTOS,RSI RECLAIMED 30,43.07,49.71,59.38,31.13,RSI RECLAIMED 30
2026-10-02,ALAB,BULLISH FVG RETEST,350.33,296.95,259.89,58.42,BULLISH FVG RETEST
2026-10-02,VST,MACD TURNED GREEN,140.02,150.38,153.78,46.78,MACD TURNED GREEN+VOLUME SURGE
2026-10-02,VST,VOLUME SURGE,140.02,150.38,153.78,46.78,MACD TURNED GREEN+VOLUME SURGE
2026-10-02,AFRM,VWAP RECLAIM,70.77,77.92,68.83,48.21,VWAP RECLAIM
2026-10-02,GRID,VOLUME SURGE,182.91,183.11,174.38,56.59,VOLUME SURGE
2026-10-02,ITA,MACD TURNED GREEN,207.79,218.62,224.05,26.42,MACD TURNED GREEN
2026-10-02,IBIT,BULLISH FVG RETEST,47.73,44.07,43.71,63.66,BULLISH FVG RETEST
2026-10-02,UFO,MACD TURNED GREEN,43.13,44.83,44.83,46.34,MACD TURNED GREEN
2026-10-02,GS,RSI RECLAIMED 30,902.56,970.83,943.35,31.97,RSI RECLAIMED 30
2026-10-02,SPY,BULLISH FVG RETEST,769.64,751.45,722.56,54.54,BULLISH FVG RETEST+VWAP RECLAIM
2026-10-02,SPY,VWAP RECLAIM,769.64,751.45,722.56,54.54,BULLISH FVG RETEST+VWAP RECLAIM
